{"cameraMode":{"drawMode":0,"name":"Shaded","section":"Shading Mode"},"sceneLighting":true,"audioPlay":false,"sceneViewState":{"m_AlwaysRefresh":false,"showFog":true,"showSkybox":false,"showFlares":true,"showImageEffects":true,"showParticleSystems":true,"showVisualEffectGraphs":true,"m_FxEnabled":true},"in2DMode":false,"pivot":{"x":0.06319442391395569,"y":1.5499999523162842,"z":1.8180441856384278},"rotation":{"x":0.1959369033575058,"y":-0.32666367292404177,"z":0.06942026317119599,"w":0.9219986796379089},"size":0.3473111093044281,"orthographic":false}