{"cameraMode":{"drawMode":0,"name":"Shaded","section":"Shading Mode"},"sceneLighting":true,"audioPlay":false,"sceneViewState":{"m_AlwaysRefresh":false,"showFog":true,"showSkybox":true,"showFlares":true,"showImageEffects":true,"showParticleSystems":true,"showVisualEffectGraphs":true,"m_FxEnabled":true},"in2DMode":false,"pivot":{"x":966.8651733398438,"y":193.60598754882813,"z":4.3981475830078129},"rotation":{"x":-0.15270653367042542,"y":0.006520004477351904,"z":-0.001007382059469819,"w":-0.9882501363754273},"size":164.19332885742188,"orthographic":false}