{"cameraMode":{"drawMode":0,"name":"Shaded","section":"Shading Mode"},"sceneLighting":false,"audioPlay":false,"sceneViewState":{"m_AlwaysRefresh":false,"showFog":true,"showSkybox":false,"showFlares":true,"showImageEffects":true,"showParticleSystems":true,"showVisualEffectGraphs":true,"m_FxEnabled":true},"in2DMode":false,"pivot":{"x":2.5759201049804689,"y":0.6999969482421875,"z":1.594329833984375},"rotation":{"x":0.27034175395965578,"y":0.03176527097821236,"z":-0.008920766413211823,"w":0.9622076153755188},"size":78.04285430908203,"orthographic":false}